[
    {
      "brand": "Intel",
      "series": "Xeon Scalable",
      "generation": "4th Gen (Sapphire Rapids)",
      "family": "Platinum 8400",
      "models": [
        {
          "model": "Platinum 8480+",
          "architecture": "Sapphire Rapids",
          "base_frequency_GHz": 2.0,
          "max_frequency_GHz": 3.8,
          "all_core_turbo_GHz": 3.0,
          "cores": 56,
          "threads": 112,
          "l1_cache": "56 × 80 KB",
          "l2_cache": "56 × 2 MB",
          "l3_cache": "105 MB",
          "tdp_W": 350,
          "max_memory_capacity_TB": 8,
          "memory_channels": 8,
          "memory_types": ["DDR5-4800"],
          "pcie_lanes": 80,
          "pcie_generation": 5,
          "socket": "LGA 4189",
          "dimensions_mm": {
            "width": 76.0,
            "height": 56.5
          },
          "recommended_cooling": {
            "type": "Active Heatsink with Fan",
            "min_airflow_CFM": 35,
            "thermal_solution_power_W": 350
          },
          "inventory": {
            "quantity_available": 8,
            "quantity_reserved": 2,
            "location": "Rack B4, Storage Unit 12",
            "status": "Available",
            "condition": "New",
            "purchase_date": "2023-09-15",
            "warranty_expiration": "2026-09-15",
            "serial_numbers": [],
            "sys_score": ""
          },
          "power_efficiency": {
            "idle_power_W": 65,
            "avg_power_under_load_W": 280,
            "perf_per_watt_score": 8.2
          },
          "compatible_motherboards": [
            {
              "brand": "Supermicro",
              "models": ["X13DRG-H", "X13DRi-N"]
            },
            {
              "brand": "ASUS",
              "models": ["Pro WS W790E-SAGE SE"]
            },
            {
              "brand": "GIGABYTE",
              "models": ["MZ93-FS0", "MC63-4S0"]
            }
          ],
          "compatible_servers": [
            {
              "brand": "Dell",
              "models": ["PowerEdge R760", "PowerEdge R860"]
            },
            {
              "brand": "HPE",
              "models": ["ProLiant DL380 Gen11", "ProLiant DL560 Gen11"]
            },
            {
              "brand": "Lenovo",
              "models": ["ThinkSystem SR650 V3", "ThinkSystem SR850 V3"]
            },
            {
              "brand": "Supermicro",
              "models": ["SuperServer 1029U-TR4", "SuperServer 2029U-TR4"]
            }
          ],
          "UUID": "545e143b-57b3-419e-86e5-1df6f7aa8fd3"
        },
        {
          "model": "Platinum 8470",
          "architecture": "Sapphire Rapids",
          "base_frequency_GHz": 2.0,
          "max_frequency_GHz": 3.7,
          "all_core_turbo_GHz": 2.9,
          "cores": 52,
          "threads": 104,
          "l1_cache": "52 × 80 KB",
          "l2_cache": "52 × 2 MB",
          "l3_cache": "97.5 MB",
          "tdp_W": 300,
          "max_memory_capacity_TB": 8,
          "memory_channels": 8,
          "memory_types": ["DDR5-4800"],
          "pcie_lanes": 80,
          "pcie_generation": 5,
          "socket": "LGA 4189",
          "dimensions_mm": {
            "width": 76.0,
            "height": 56.5
          },
          "recommended_cooling": {
            "type": "Active Heatsink with Fan",
            "min_airflow_CFM": 30,
            "thermal_solution_power_W": 300
          },
          "inventory": {
            "quantity_available": 11,
            "quantity_reserved": 3,
            "location": "Rack B4, Storage Unit 13",
            "status": "Available",
            "condition": "New",
            "purchase_date": "2023-09-20",
            "warranty_expiration": "2026-09-20",
            "serial_numbers": [],
            "sys_score": ""
          },
          "power_efficiency": {
            "idle_power_W": 60,
            "avg_power_under_load_W": 265,
            "perf_per_watt_score": 8.4
          },
          "compatible_motherboards": [
            {
              "brand": "Supermicro",
              "models": ["X13DRG-H", "X13DRi-N", "X13DRI-T"]
            },
            {
              "brand": "ASUS",
              "models": ["Pro WS W790E-SAGE SE"]
            },
            {
              "brand": "GIGABYTE",
              "models": ["MZ93-FS0", "MC63-4S0"]
            }
          ],
          "compatible_servers": [
            {
              "brand": "Dell",
              "models": ["PowerEdge R760", "PowerEdge R860"]
            },
            {
              "brand": "HPE",
              "models": ["ProLiant DL380 Gen11", "ProLiant DL560 Gen11"]
            },
            {
              "brand": "Lenovo",
              "models": ["ThinkSystem SR650 V3", "ThinkSystem SR850 V3"]
            },
            {
              "brand": "Supermicro",
              "models": ["SuperServer 1029U-TR4", "SuperServer 2029U-TR4"]
            }
          ]
          
        }
      ]
    },
    {
      "brand": "AMD",
      "series": "EPYC",
      "generation": "4th Gen (Genoa)",
      "family": "EPYC 9004",
      "models": [
        {
          "model": "EPYC 9534",
          "power_efficiency": {
            "idle_power_W": 65,
            "avg_power_under_load_W": 245,
            "perf_per_watt_score": 9.3
          },
          "inventory": {
            "serial_numbers": [],
            "sys_score": ""
          },
          "compatible_motherboards": [
            {
              "brand": "Supermicro",
              "models": ["H13DSU-iN", "H13DSG-O-CPU"]
            },
            {
              "brand": "GIGABYTE",
              "models": ["MZ83-SP0", "MZ83-SP1"]
            },
            {
              "brand": "ASRock Rack",
              "models": ["ROMED8-9001", "ROMED8-9002"]
            }
          ],
          "compatible_servers": [
            {
              "brand": "Dell",
              "models": ["PowerEdge R7625", "PowerEdge R9625"]
            },
            {
              "brand": "HPE",
              "models": ["ProLiant DL385 Gen11", "ProLiant DL585 Gen11"]
            },
            {
              "brand": "Lenovo",
              "models": ["ThinkSystem SR675 V3", "ThinkSystem SR665 V3"]
            },
            {
              "brand": "Supermicro",
              "models": ["AS-2145GH-TNRT", "AS-2145SH-TNRT"]
            }
          ]
         
        },
        {
          "model": "EPYC 9374F",
          "architecture": "Zen 4",
          "base_frequency_GHz": 3.85,
          "max_frequency_GHz": 4.3,
          "all_core_turbo_GHz": 4.0,
          "cores": 32,
          "threads": 64,
          "l1_cache": "32 × 64 KB",
          "l2_cache": "32 × 1 MB",
          "l3_cache": "128 MB",
          "tdp_W": 320,
          "max_memory_capacity_TB": 6,
          "memory_channels": 12,
          "memory_types": ["DDR5-4800"],
          "pcie_lanes": 128,
          "pcie_generation": 5,
          "socket": "SP5",
          "dimensions_mm": {
            "width": 75.4,
            "height": 58.5
          },
          "recommended_cooling": {
            "type": "Active Heatsink with Fan",
            "min_airflow_CFM": 38,
            "thermal_solution_power_W": 320
          },
          "inventory": {
            "quantity_available": 12,
            "quantity_reserved": 3,
            "location": "Rack C2, Storage Unit 07",
            "status": "Available",
            "condition": "New",
            "purchase_date": "2023-08-22",
            "warranty_expiration": "2026-08-22",
            "serial_numbers": [],
            "sys_score": ""
          },
          "power_efficiency": {
            "idle_power_W": 68,
            "avg_power_under_load_W": 285,
            "perf_per_watt_score": 8.7
          },
          "compatible_motherboards": [
            {
              "brand": "Supermicro",
              "models": ["H13DSU-iN", "H13DSG-O-CPU"]
            },
            {
              "brand": "GIGABYTE",
              "models": ["MZ83-SP0", "MZ83-SP1"]
            },
            {
              "brand": "ASRock Rack",
              "models": ["ROMED8-9001", "ROMED8-9002"]
            }
          ],
          "compatible_servers": [
            {
              "brand": "Dell",
              "models": ["PowerEdge R7625", "PowerEdge R9625"]
            },
            {
              "brand": "HPE",
              "models": ["ProLiant DL385 Gen11", "ProLiant DL585 Gen11"]
            },
            {
              "brand": "Lenovo",
              "models": ["ThinkSystem SR675 V3", "ThinkSystem SR665 V3"]
            },
            {
              "brand": "Supermicro",
              "models": ["AS-2145GH-TNRT", "AS-2145SH-TNRT"]
            }
          ]
        }
      ]
    }
  ]