{
    "name":[
      {
        "id": "343",
        "type": "DDR4",
        "subtype": "RDRAM",
        "frequency_MHz": 3200,
        "speed_MTs": 3200,
        "size": 8,
        "Latency": "CL16",
        "manufacturer": "Corsair",
        "part_number": "CMK8GX4M1A2400C16",
        "Form_Factor": "DIMM",
        "voltage": "1.2V",
        "XMP": "Enabled",
        "Volatility": "Volatile",
        "ECC": "yes",
        "serial_no": "ggdfgdfgdfgsdg4g",
        "UUID": "96ba1af1-115d-44b6-9888-b99560736260" 
      },
      {
        "id": "343",
        "type": "DDR4",
        "subtype": "RDRAM",
        "frequency_MHz": 3200,
        "speed_MTs": 3200,
        "size": 8,
        "Latency": "CL16",
        "manufacturer": "Corsair",
        "part_number": "CMK8GX4M1A2400C16",
        "Form_Factor": "DIMM",
        "voltage": "1.2V",
        "XMP": "Enabled",
        "Volatility": "Volatile",
        "ECC": "yes",
        "serial_no": "ggdfgdfgdfgsdg4g",
        "UUID": "96ba1af1-115d-44b6-9888-b99560736260" 
      },
    ]
  }