{
    "caddies": [
      {
        "model": "Universal 2.5-inch HDD/SSD Caddy",
        "compatibility": { "drive_type": ["HDD", "SSD"], "size": "2.5-inch", "interface": "SATA III" },
        "dimensions": { "width": "70mm", "height": "9.5mm", "depth": "100mm" },
        "weight": "50g",
        "material": "Aluminum & Plastic",
        "connector": "SATA to SATA"
      },
      {
        "model": "High-Performance 2.5-inch Caddy",
        "compatibility": { "drive_type": ["HDD", "SSD"], "size": "2.5-inch", "interface": "SATA III" },
        "dimensions": { "width": "70mm", "height": "12.7mm", "depth": "100mm" },
        "weight": "55g",
        "material": "Metal & ABS Plastic",
        "connector": "SATA to SATA"
      },
      {
        "model": "Enterprise 3.5-inch HDD Caddy",
        "compatibility": { "drive_type": ["HDD"], "size": "3.5-inch", "interface": "SATA III" },
        "dimensions": { "width": "102mm", "height": "25.4mm", "depth": "147mm" },
        "weight": "120g",
        "material": "Metal",
        "connector": "SATA to SATA"
      },
      {
        "model": "Ultra-Slim 2.5-inch Caddy",
        "compatibility": { "drive_type": ["HDD", "SSD"], "size": "2.5-inch", "interface": "SATA III" },
        "dimensions": { "width": "70mm", "height": "7mm", "depth": "100mm" },
        "weight": "45g",
        "material": "Aluminum",
        "connector": "SATA to SATA"
      },
      {
        "model": "Gaming Laptop HDD Caddy",
        "compatibility": { "drive_type": ["HDD", "SSD"], "size": "2.5-inch", "interface": "SATA III" },
        "dimensions": { "width": "70mm", "height": "9.5mm", "depth": "100mm" },
        "weight": "52g",
        "material": "Carbon Fiber & Plastic",
        "connector": "SATA to SATA"
      },
      {
        "model": "Optical Drive Caddy",
        "compatibility": { "drive_type": ["HDD", "SSD"], "size": "2.5-inch", "interface": "SATA III" },
        "dimensions": { "width": "70mm", "height": "12.7mm", "depth": "100mm" },
        "weight": "58g",
        "material": "Aluminum Alloy",
        "connector": "SATA to SATA"
      },
      {
        "model": "Slim 2.5-inch SSD Caddy",
        "compatibility": { "drive_type": ["SSD"], "size": "2.5-inch", "interface": "SATA III" },
        "dimensions": { "width": "70mm", "height": "5mm", "depth": "100mm" },
        "weight": "40g",
        "material": "Plastic",
        "connector": "SATA to SATA"
      },
      {
        "model": "Workstation 3.5-inch HDD Caddy",
        "compatibility": { "drive_type": ["HDD"], "size": "3.5-inch", "interface": "SATA III" },
        "dimensions": { "width": "102mm", "height": "25.4mm", "depth": "147mm" },
        "weight": "130g",
        "material": "Aluminum",
        "connector": "SATA to SATA"
      },
      {
        "model": "Enterprise 2.5-inch HDD Caddy",
        "compatibility": { "drive_type": ["HDD"], "size": "2.5-inch", "interface": "SATA III" },
        "dimensions": { "width": "70mm", "height": "15mm", "depth": "100mm" },
        "weight": "60g",
        "material": "Metal & Plastic",
        "connector": "SATA to SATA"
      },
      {
        "model": "NVMe SSD Caddy",
        "compatibility": { "drive_type": ["NVMe SSD"], "size": "2.5-inch", "interface": "M.2 to SATA" },
        "dimensions": { "width": "70mm", "height": "9.5mm", "depth": "100mm" },
        "weight": "48g",
        "material": "Aluminum & ABS",
        "connector": "M.2 to SATA"
      }
    ]
  }
  